{
  "interval": "1h",
  "seq_len": 90,
  "metrics": {
    "High": {
      "MAE": 0.00762383034452796,
      "RMSE": 0.009828266388662816,
      "R2": 0.9919910430908203,
      "MAPE": 1.468488335609436
    },
    "Low": {
      "MAE": 0.007658376358449459,
      "RMSE": 0.014790158362614292,
      "R2": 0.9814565777778625,
      "MAPE": 1.5371533632278442
    },
    "Close": {
      "MAE": 0.00802734773606062,
      "RMSE": 0.01123574576065568,
      "R2": 0.9894011616706848,
      "MAPE": 1.5597505569458008
    }
  }
}