{
  "interval": "1h",
  "seq_len": 60,
  "metrics_train": {
    "High": {
      "MAE": 0.013925071805715561,
      "RMSE": 0.01926486023702202,
      "R2": 0.9922626614570618,
      "MAPE": 2.398479461669922
    },
    "Low": {
      "MAE": 0.014494391158223152,
      "RMSE": 0.018773548046720018,
      "R2": 0.992378830909729,
      "MAPE": 2.5131919384002686
    },
    "Close": {
      "MAE": 0.014510766603052616,
      "RMSE": 0.01968708972536529,
      "R2": 0.9917678236961365,
      "MAPE": 2.496976137161255
    }
  },
  "metrics_val": {
    "High": {
      "MAE": 0.015462073497474194,
      "RMSE": 0.018403226428856445,
      "R2": 0.9725085496902466,
      "MAPE": 1.8716835975646973
    },
    "Low": {
      "MAE": 0.01807103492319584,
      "RMSE": 0.020649310422038752,
      "R2": 0.9644861817359924,
      "MAPE": 2.2089626789093018
    },
    "Close": {
      "MAE": 0.017122387886047363,
      "RMSE": 0.020160378748972908,
      "R2": 0.9665703773498535,
      "MAPE": 2.083847761154175
    }
  },
  "metrics_test": {
    "High": {
      "MAE": 0.007169785443693399,
      "RMSE": 0.009460396535788252,
      "R2": 0.9923473596572876,
      "MAPE": 1.3870794773101807
    },
    "Low": {
      "MAE": 0.007921434007585049,
      "RMSE": 0.01425873983238301,
      "R2": 0.9822167158126831,
      "MAPE": 1.5587400197982788
    },
    "Close": {
      "MAE": 0.007856718264520168,
      "RMSE": 0.010702733648652148,
      "R2": 0.9900866150856018,
      "MAPE": 1.5173027515411377
    }
  }
}