{
  "interval": "1h",
  "seq_len": 60,
  "metrics_train": {
    "High": {
      "MAE": 0.010368160903453827,
      "RMSE": 0.014929941475508034,
      "R2": 0.9953526258468628,
      "MAPE": 1.9907845258712769
    },
    "Low": {
      "MAE": 0.011015075258910656,
      "RMSE": 0.014464006584542213,
      "R2": 0.9954758286476135,
      "MAPE": 2.096161365509033
    },
    "Close": {
      "MAE": 0.011319019831717014,
      "RMSE": 0.01566305406694317,
      "R2": 0.9947888255119324,
      "MAPE": 2.1335487365722656
    }
  },
  "metrics_val": {
    "High": {
      "MAE": 0.008348008617758751,
      "RMSE": 0.011299975542183377,
      "R2": 0.9896154403686523,
      "MAPE": 1.0438966751098633
    },
    "Low": {
      "MAE": 0.011003137566149235,
      "RMSE": 0.013062829103898478,
      "R2": 0.985761284828186,
      "MAPE": 1.3813648223876953
    },
    "Close": {
      "MAE": 0.010395118035376072,
      "RMSE": 0.013196723413457775,
      "R2": 0.9856489300727844,
      "MAPE": 1.3011797666549683
    }
  },
  "metrics_test": {
    "High": {
      "MAE": 0.007788414601236582,
      "RMSE": 0.009930289692015998,
      "R2": 0.991551399230957,
      "MAPE": 1.6245324611663818
    },
    "Low": {
      "MAE": 0.008628059178590775,
      "RMSE": 0.014820423392691358,
      "R2": 0.980750560760498,
      "MAPE": 1.8171714544296265
    },
    "Close": {
      "MAE": 0.008683587424457073,
      "RMSE": 0.011365419817539324,
      "R2": 0.9887992143630981,
      "MAPE": 1.7926729917526245
    }
  }
}