{
  "interval": "1h",
  "seq_len": 72,
  "metrics_train": {
    "High": {
      "MAE": 0.015487960539758205,
      "RMSE": 0.02166031396578821,
      "R2": 0.9901854395866394,
      "MAPE": 2.551189661026001
    },
    "Low": {
      "MAE": 0.016088217496871948,
      "RMSE": 0.02115094735585626,
      "R2": 0.9902935028076172,
      "MAPE": 2.681856155395508
    },
    "Close": {
      "MAE": 0.015950163826346397,
      "RMSE": 0.02191684243623956,
      "R2": 0.9897627234458923,
      "MAPE": 2.6307742595672607
    }
  },
  "metrics_val": {
    "High": {
      "MAE": 0.018432550132274628,
      "RMSE": 0.021677573633667777,
      "R2": 0.9588055610656738,
      "MAPE": 2.2629358768463135
    },
    "Low": {
      "MAE": 0.021083740517497063,
      "RMSE": 0.023800835068912785,
      "R2": 0.9490119218826294,
      "MAPE": 2.6129770278930664
    },
    "Close": {
      "MAE": 0.0199887678027153,
      "RMSE": 0.023233134896960852,
      "R2": 0.9520476460456848,
      "MAPE": 2.4623303413391113
    }
  },
  "metrics_test": {
    "High": {
      "MAE": 0.009283646009862423,
      "RMSE": 0.011585833471582619,
      "R2": 0.9885411262512207,
      "MAPE": 1.7999522686004639
    },
    "Low": {
      "MAE": 0.009771689772605896,
      "RMSE": 0.012028396206254217,
      "R2": 0.9874237775802612,
      "MAPE": 1.8984403610229492
    },
    "Close": {
      "MAE": 0.009727763012051582,
      "RMSE": 0.012133466665448142,
      "R2": 0.98732590675354,
      "MAPE": 1.8900610208511353
    }
  }
}