{
  "timestamp": "2025-12-21T15:18:23.181569",
  "training_completed": true,
  "total_time_minutes": 9.24,
  "epochs_completed": 50,
  "best_val_loss": 9.201199368579269e-05,
  "overfitting_diagnosis": {
    "gap_train_test": 0.0059896111488342285,
    "status": "\u2705 EXCELENTE",
    "r2_train": 0.9947888255119324,
    "r2_val": 0.9856489300727844,
    "r2_test": 0.9887992143630981
  },
  "final_metrics": {
    "train": {
      "high": {
        "MAE": 0.010368160903453827,
        "RMSE": 0.014929941475508034,
        "R2": 0.9953526258468628,
        "MAPE": 1.9907845258712769
      },
      "low": {
        "MAE": 0.011015075258910656,
        "RMSE": 0.014464006584542213,
        "R2": 0.9954758286476135,
        "MAPE": 2.096161365509033
      },
      "close": {
        "MAE": 0.011319019831717014,
        "RMSE": 0.01566305406694317,
        "R2": 0.9947888255119324,
        "MAPE": 2.1335487365722656
      }
    },
    "val": {
      "high": {
        "MAE": 0.008348008617758751,
        "RMSE": 0.011299975542183377,
        "R2": 0.9896154403686523,
        "MAPE": 1.0438966751098633
      },
      "low": {
        "MAE": 0.011003137566149235,
        "RMSE": 0.013062829103898478,
        "R2": 0.985761284828186,
        "MAPE": 1.3813648223876953
      },
      "close": {
        "MAE": 0.010395118035376072,
        "RMSE": 0.013196723413457775,
        "R2": 0.9856489300727844,
        "MAPE": 1.3011797666549683
      }
    },
    "test": {
      "high": {
        "MAE": 0.007788414601236582,
        "RMSE": 0.009930289692015998,
        "R2": 0.991551399230957,
        "MAPE": 1.6245324611663818
      },
      "low": {
        "MAE": 0.008628059178590775,
        "RMSE": 0.014820423392691358,
        "R2": 0.980750560760498,
        "MAPE": 1.8171714544296265
      },
      "close": {
        "MAE": 0.008683587424457073,
        "RMSE": 0.011365419817539324,
        "R2": 0.9887992143630981,
        "MAPE": 1.7926729917526245
      }
    }
  },
  "model_config": {
    "hidden_size": 128,
    "num_layers": 2,
    "dropout": 0.4,
    "seq_len": 60,
    "total_params": 209539
  }
}