{
  "timestamp": "2025-12-21T09:27:47.229485",
  "training_completed": true,
  "total_time_minutes": 8.24,
  "epochs_completed": 45,
  "best_val_loss": 9.55213395389451e-05,
  "overfitting_diagnosis": {
    "gap_train_test": 0.004240930080413818,
    "status": "\u2705 EXCELENTE",
    "r2_train": 0.9949808120727539,
    "r2_val": 0.9832242131233215,
    "r2_test": 0.9907398819923401
  },
  "final_metrics": {
    "train": {
      "high": {
        "MAE": 0.009967731311917305,
        "RMSE": 0.014780698169330817,
        "R2": 0.9954468011856079,
        "MAPE": 1.7470064163208008
      },
      "low": {
        "MAE": 0.010656951926648617,
        "RMSE": 0.014231245943861461,
        "R2": 0.995621919631958,
        "MAPE": 1.8667362928390503
      },
      "close": {
        "MAE": 0.010768949054181576,
        "RMSE": 0.015374707986288436,
        "R2": 0.9949808120727539,
        "MAPE": 1.867624044418335
      }
    },
    "val": {
      "high": {
        "MAE": 0.009711204096674919,
        "RMSE": 0.012631157360828123,
        "R2": 0.9871472716331482,
        "MAPE": 1.2146353721618652
      },
      "low": {
        "MAE": 0.012323953211307526,
        "RMSE": 0.01443192440966007,
        "R2": 0.9827832579612732,
        "MAPE": 1.5481042861938477
      },
      "close": {
        "MAE": 0.011513803154230118,
        "RMSE": 0.014335595273492267,
        "R2": 0.9832242131233215,
        "MAPE": 1.4415571689605713
      }
    },
    "test": {
      "high": {
        "MAE": 0.006610546261072159,
        "RMSE": 0.009077927985326915,
        "R2": 0.9930189251899719,
        "MAPE": 1.2852340936660767
      },
      "low": {
        "MAE": 0.007240705657750368,
        "RMSE": 0.014061360139148294,
        "R2": 0.982857346534729,
        "MAPE": 1.4326282739639282
      },
      "close": {
        "MAE": 0.007334596011787653,
        "RMSE": 0.010387591564777133,
        "R2": 0.9907398819923401,
        "MAPE": 1.41957426071167
      }
    }
  },
  "model_config": {
    "hidden_size": 128,
    "num_layers": 2,
    "dropout": 0.4,
    "seq_len": 60,
    "total_params": 209539
  }
}