{
  "timestamp": "2025-12-21T02:17:24.777750",
  "training_completed": true,
  "total_time_minutes": 22.93,
  "epochs_completed": 70,
  "best_val_loss": 9.573969708237036e-05,
  "final_metrics": {
    "high": {
      "MAE": 0.00762383034452796,
      "RMSE": 0.009828266388662816,
      "R2": 0.9919910430908203,
      "MAPE": 1.468488335609436
    },
    "low": {
      "MAE": 0.007658376358449459,
      "RMSE": 0.014790158362614292,
      "R2": 0.9814565777778625,
      "MAPE": 1.5371533632278442
    },
    "close": {
      "MAE": 0.00802734773606062,
      "RMSE": 0.01123574576065568,
      "R2": 0.9894011616706848,
      "MAPE": 1.5597505569458008
    }
  },
  "model_config": {
    "hidden_size": 192,
    "num_layers": 2,
    "dropout": 0.35,
    "seq_len": 90,
    "total_params": 467907
  }
}