{
  "timestamp": "2025-12-23T17:18:40.864308",
  "training_completed": true,
  "total_time_minutes": 10.18,
  "epochs_completed": 23,
  "best_val_loss": 0.00023542697508000183,
  "overfitting_diagnosis": {
    "gap_train_test": 0.003975629806518555,
    "status": "\u2705 EXCELENTE",
    "r2_train": 0.9816263914108276,
    "r2_val": 0.8894252777099609,
    "r2_test": 0.9776507616043091
  },
  "final_metrics": {
    "train": {
      "high": {
        "MAE": 0.022103741765022278,
        "RMSE": 0.029184399706894085,
        "R2": 0.9821791648864746,
        "MAPE": 3.476763963699341
      },
      "low": {
        "MAE": 0.022421875968575478,
        "RMSE": 0.028654006018848318,
        "R2": 0.9821820259094238,
        "MAPE": 3.575421094894409
      },
      "close": {
        "MAE": 0.022399647161364555,
        "RMSE": 0.029358894545771543,
        "R2": 0.9816263914108276,
        "MAPE": 3.5441701412200928
      }
    },
    "val": {
      "high": {
        "MAE": 0.030965838581323624,
        "RMSE": 0.033597185546944915,
        "R2": 0.9005676507949829,
        "MAPE": 3.8247199058532715
      },
      "low": {
        "MAE": 0.03347499668598175,
        "RMSE": 0.03590958984753662,
        "R2": 0.8833777904510498,
        "MAPE": 4.170222282409668
      },
      "close": {
        "MAE": 0.03242335841059685,
        "RMSE": 0.03519430021995875,
        "R2": 0.8894252777099609,
        "MAPE": 4.019256114959717
      }
    },
    "test": {
      "high": {
        "MAE": 0.012736777774989605,
        "RMSE": 0.015622318957953402,
        "R2": 0.9791065454483032,
        "MAPE": 2.3901174068450928
      },
      "low": {
        "MAE": 0.01306047011166811,
        "RMSE": 0.016019923698859295,
        "R2": 0.9776279926300049,
        "MAPE": 2.461785316467285
      },
      "close": {
        "MAE": 0.01306536141782999,
        "RMSE": 0.016087551236784275,
        "R2": 0.9776507616043091,
        "MAPE": 2.4626529216766357
      }
    }
  },
  "model_config": {
    "hidden_size": 160,
    "num_layers": 3,
    "dropout": 0.35,
    "seq_len": 72,
    "total_params": 532003
  }
}